transect,beach,in_pca,model_trend_m_per_yr,coastsat_trend_m_per_yr,model_change_2024_m
1,2,0,0.872,-0.000,134.88
2,2,0,0.462,0.000,117.85
3,2,0,0.027,0.000,111.20
4,2,0,-0.415,-0.000,91.70
5,2,0,-0.897,0.000,78.53
6,2,0,-1.511,-0.000,29.66
7,2,0,-2.080,0.000,-2.05
8,2,0,-2.766,0.000,-32.47
9,2,0,-3.415,0.000,-73.95
10,2,0,-3.808,-0.000,-93.45
11,2,0,-4.315,0.000,-118.12
12,2,0,-4.788,0.000,-146.26
13,2,0,-5.469,0.000,-170.20
14,2,0,-5.823,0.000,-205.48
15,2,0,-6.064,0.000,-204.88
16,2,0,-6.522,0.000,-223.80
17,2,0,-6.791,0.000,-230.21
18,2,0,-7.188,-0.000,-233.00
19,2,0,-7.630,0.000,-252.79
20,2,0,-7.872,0.000,-265.78
21,2,0,-8.101,-0.000,-277.50
22,2,0,-8.214,0.000,-288.37
23,2,0,-8.319,0.000,-288.37
24,2,0,-8.457,0.000,-285.92
25,2,0,-8.552,0.000,-277.12
26,2,0,-8.610,0.000,-271.89
27,2,0,-8.623,0.000,-262.07
28,2,0,-8.601,-0.000,-258.61
29,2,0,-8.575,-0.000,-264.69
30,2,0,-8.605,0.000,-258.94
31,2,0,-8.502,0.000,-244.46
32,2,0,-8.345,0.000,-237.56
33,2,0,-8.231,0.000,-234.91
34,2,0,-8.096,0.000,-227.69
35,2,0,-7.937,-0.000,-223.76
36,2,0,-7.782,0.000,-217.12
37,2,0,-7.622,0.000,-209.59
38,2,0,-7.422,0.000,-197.09
39,2,0,-7.144,0.000,-185.55
40,2,0,-6.926,0.000,-183.40
41,2,0,-6.711,0.000,-173.66
42,2,0,-6.457,0.000,-166.86
43,2,0,-6.219,0.000,-158.72
44,2,0,-5.952,0.000,-148.53
45,2,0,-5.700,-0.000,-141.38
46,2,0,-5.453,-0.000,-128.81
47,2,0,-5.146,-0.000,-115.50
48,2,0,-4.842,0.000,-107.96
49,2,0,-4.572,-0.000,-108.06
50,2,0,-4.327,-0.000,-104.81
51,2,0,-4.074,0.000,-93.09
52,2,0,-3.781,-0.000,-82.86
53,2,0,-3.511,0.000,-77.78
54,2,0,-3.251,-0.000,-69.35
55,2,0,-2.978,0.000,-60.25
56,2,0,-2.719,0.000,-55.44
57,2,0,-2.473,0.000,-47.01
58,2,0,-2.210,-0.000,-34.64
59,2,0,-1.962,-0.000,-29.72
60,2,0,-1.733,-0.000,-23.17
61,2,1,-1.499,-0.671,-7.55
62,2,1,-1.277,-0.586,-5.32
63,2,1,-1.068,-0.487,-2.83
64,2,1,-0.866,-0.371,-1.23
65,2,1,-0.672,-0.273,0.42
66,2,1,-0.485,-0.223,2.10
67,2,1,-0.304,-0.177,4.51
68,2,1,-0.128,-0.134,7.38
69,2,1,0.041,-0.087,10.90
70,2,1,0.204,-0.067,14.66
71,2,1,0.360,-0.066,17.87
72,2,1,0.510,-0.049,20.86
73,2,1,0.652,0.008,23.12
74,2,1,0.789,0.063,25.74
75,2,1,0.919,0.112,27.54
76,2,1,1.043,0.100,29.50
77,2,1,1.162,0.107,31.69
78,2,1,1.276,0.083,34.63
79,2,1,1.386,0.103,38.05
80,2,1,1.490,0.122,42.11
81,2,1,1.589,0.172,47.14
82,2,1,1.681,0.210,51.03
83,2,1,1.766,0.274,54.96
84,2,1,1.844,0.330,58.42
85,2,1,1.914,0.384,61.36
86,2,1,1.977,0.435,63.47
87,2,1,2.031,0.468,64.77
88,2,1,2.078,0.495,64.71
89,2,1,2.117,0.488,65.25
90,2,1,2.150,0.522,64.32
91,2,1,2.176,0.536,62.69
92,2,1,2.196,0.559,60.06
93,2,1,2.210,0.563,57.29
94,2,1,2.219,0.577,54.22
95,2,1,2.225,0.606,51.51
96,2,1,2.227,0.613,48.79
97,2,1,2.231,0.637,49.63
98,2,1,2.232,0.664,49.06
99,2,1,2.230,0.670,45.74
100,2,1,2.228,0.682,45.43
101,2,1,2.226,0.685,46.03
102,2,1,2.223,0.697,46.70
103,2,1,2.220,0.717,47.72
104,2,1,2.214,0.760,48.54
105,2,1,2.208,0.856,45.77
106,2,1,2.204,0.914,50.93
107,2,1,2.195,0.935,52.30
108,2,1,2.186,0.945,53.62
109,2,1,2.174,0.909,54.70
110,2,1,2.160,0.895,55.74
111,2,1,2.143,0.862,56.10
112,2,1,2.124,0.832,56.25
113,2,1,2.103,0.827,56.72
114,2,1,2.080,0.782,57.05
115,2,1,2.054,0.742,57.90
116,2,1,2.027,0.725,58.82
117,2,1,1.996,0.699,60.97
118,2,1,1.961,0.687,60.82
119,2,1,1.922,0.681,58.16
120,2,1,1.880,0.721,56.00
121,2,1,1.836,0.792,52.99
122,2,1,1.789,0.906,49.90
123,2,1,1.742,0.991,46.97
124,2,1,1.693,1.026,44.27
125,2,1,1.645,1.010,41.74
126,2,1,1.597,0.968,39.94
127,2,1,1.549,0.929,38.30
128,2,1,1.502,0.845,37.02
129,2,1,1.457,0.768,35.88
130,2,1,1.412,0.708,35.07
131,2,1,1.369,0.705,33.92
132,2,1,1.328,0.717,33.73
133,2,1,1.287,0.734,34.00
134,2,1,1.246,0.761,33.19
135,2,1,1.206,0.810,32.23
136,2,1,1.166,0.841,30.72
137,2,1,1.127,0.870,28.95
138,2,1,1.088,0.886,27.18
139,2,1,1.051,0.896,25.12
140,2,1,1.015,0.914,22.59
141,2,1,0.981,0.911,19.60
142,2,1,0.948,0.932,16.70
143,2,1,0.918,0.954,14.16
144,2,1,0.893,0.982,12.08
145,2,1,0.872,1.007,10.13
146,2,1,0.856,1.023,8.54
147,2,1,0.845,1.024,7.00
148,2,1,0.840,1.011,5.80
149,2,1,0.841,1.023,5.06
150,2,1,0.847,1.085,4.85
151,2,1,0.859,1.182,4.00
152,2,1,0.877,1.306,4.17
153,2,1,0.902,1.386,5.25
154,2,1,0.932,1.461,7.41
155,2,1,0.969,1.475,10.56
156,2,1,1.010,1.425,14.12
157,2,1,1.054,1.356,17.43
158,2,1,1.103,1.309,20.24
159,2,1,1.153,1.301,22.46
160,2,1,1.206,1.295,24.06
161,2,1,1.260,1.304,24.37
162,2,1,1.317,1.307,25.01
163,2,1,1.377,1.361,25.70
164,2,1,1.440,1.410,26.78
165,2,1,1.506,1.474,28.47
166,2,1,1.575,1.488,30.63
167,2,1,1.648,1.502,33.86
168,2,1,1.724,1.493,37.80
169,2,1,1.801,1.464,41.69
170,2,1,1.878,1.425,45.36
171,2,1,1.956,1.410,48.30
172,2,1,2.032,1.433,50.29
173,2,1,2.108,1.485,51.51
174,2,1,2.184,1.546,52.15
175,2,1,2.260,1.591,52.91
176,2,1,2.338,1.682,55.03
177,2,1,2.416,1.725,57.73
178,2,1,2.494,1.711,61.14
179,2,1,2.574,1.622,65.80
180,2,1,2.653,1.473,71.77
181,2,1,2.727,1.303,77.91
182,2,1,2.795,1.200,83.34
183,2,1,2.858,1.156,87.74
184,2,1,2.914,1.176,90.73
185,2,1,2.964,1.222,92.31
186,2,1,3.009,1.305,92.67
187,2,1,3.048,1.431,92.27
188,2,1,3.082,1.511,91.04
189,2,1,3.110,1.567,90.00
190,2,1,3.134,1.586,89.12
191,2,1,3.154,1.591,88.77
192,2,1,3.171,1.556,89.11
193,2,1,3.183,1.489,90.98
194,2,1,3.190,1.413,88.72
195,2,1,3.192,1.378,88.49
196,2,1,3.190,1.344,88.44
197,2,1,3.184,1.301,88.48
198,2,1,3.173,1.270,88.18
199,2,1,3.158,1.282,87.62
200,2,1,3.139,1.304,86.87
201,2,1,3.115,1.279,86.31
202,2,1,3.086,1.230,85.71
203,2,1,3.053,1.202,85.02
204,2,1,3.015,1.221,84.11
205,2,1,2.973,1.212,83.03
206,2,1,2.927,1.171,81.75
207,2,1,2.877,1.125,80.24
208,2,1,2.823,1.119,78.65
209,2,1,2.765,1.129,76.78
210,2,1,2.703,1.136,74.57
211,2,1,2.637,1.152,72.00
212,2,1,2.567,1.166,69.53
213,2,1,2.495,1.167,67.22
214,2,1,2.420,1.160,65.01
215,2,1,2.343,1.143,63.25
216,2,1,2.263,1.127,60.41
217,2,1,2.180,1.108,57.66
218,2,1,2.095,1.069,54.84
219,2,1,2.008,1.017,51.99
220,2,1,1.920,0.942,49.39
221,2,1,1.830,0.855,46.97
222,2,1,1.740,0.814,44.74
223,2,1,1.649,0.732,42.46
224,2,1,1.558,0.656,40.61
225,2,1,1.466,0.585,38.22
226,2,1,1.374,0.542,36.33
227,2,1,1.282,0.528,34.67
228,2,1,1.190,0.530,33.01
229,2,1,1.098,0.549,31.14
230,2,1,1.006,0.581,29.29
231,2,1,0.914,0.621,27.13
232,2,1,0.824,0.653,24.97
233,2,0,0.732,0.000,32.30
234,2,0,0.635,0.000,18.07
235,2,0,0.540,-0.000,17.37
236,2,0,0.449,-0.000,17.70
237,2,0,0.353,0.000,10.24
238,2,0,0.259,0.000,6.19
239,2,0,0.163,0.000,-5.10
240,2,0,0.070,0.000,-10.35
241,2,0,-0.020,-0.000,-22.76
242,2,0,-0.100,0.000,-34.52
243,2,0,-0.177,-0.000,-42.34
244,2,0,-0.241,0.000,-65.79
245,2,0,-0.278,-0.000,-68.05
246,2,0,-0.304,0.000,-63.36
247,2,0,-0.315,-0.000,-57.12
248,2,0,-0.311,-0.000,-45.76
249,2,0,-0.302,0.000,-40.36
250,2,0,-0.282,0.000,-24.80
251,2,0,-0.262,0.000,-23.75
252,2,0,-0.239,0.000,-19.17
253,2,0,-0.207,0.000,-8.85
254,2,0,-0.179,0.000,-6.57
255,2,0,-0.148,0.000,-2.43
256,2,0,-0.115,-0.000,4.58
257,2,0,-0.084,0.000,10.28
258,2,0,-0.058,0.000,2.83
259,2,0,-0.031,0.000,6.58
260,2,0,-0.006,0.000,1.36
261,2,0,0.020,-0.000,1.87
262,2,0,0.048,0.000,4.51
263,2,0,0.076,0.000,6.33
264,2,0,0.101,-0.000,12.13
265,2,0,0.119,0.000,2.73
266,2,0,0.136,-0.000,-4.03
267,2,0,0.157,0.000,-1.29
268,2,0,0.176,-0.000,-3.94
269,2,0,0.195,-0.000,-4.49
270,2,0,0.211,-0.000,-10.33
271,2,0,0.231,0.000,-8.51
272,2,0,0.248,0.000,-15.53
273,2,0,0.269,0.000,-14.98
274,2,0,0.292,0.000,-14.72
275,2,0,0.317,-0.000,-18.02
276,2,0,0.347,0.000,-11.95
277,2,0,0.378,0.000,-9.87
278,2,0,0.408,-0.000,-13.38
279,2,0,0.441,0.000,-8.55
280,2,0,0.476,0.000,-5.75
281,2,0,0.514,0.000,1.44
282,2,0,0.559,0.000,15.86
283,2,0,0.596,0.000,34.06
284,2,0,0.619,0.000,49.14
285,2,0,0.634,-0.000,63.85
286,2,0,0.631,-0.000,76.68
287,2,0,0.608,0.000,78.22
288,2,0,0.581,-0.000,93.76
289,2,0,0.519,0.000,89.17
290,2,0,0.444,0.000,100.18
291,2,0,0.364,-0.000,100.54
292,2,0,0.251,0.000,103.14
293,2,0,nan,nan,nan
1,3,0,nan,nan,nan
2,3,0,-3.811,0.000,-84.31
3,3,0,-4.077,0.000,-88.22
4,3,0,-4.408,-0.000,-89.81
5,3,0,-4.875,0.000,-111.42
6,3,0,-5.595,-0.000,-125.91
7,3,0,-6.463,0.000,-180.61
8,3,0,-318.834,0.000,nan
9,3,0,nan,0.000,nan
10,3,0,-72.183,-0.000,nan
11,3,0,nan,0.000,nan
12,3,0,-9.813,0.000,-386.93
13,3,0,-6.844,0.000,-263.00
14,3,0,-6.775,0.000,-276.63
15,3,0,-6.669,-0.000,-274.52
16,3,0,-6.604,0.000,-271.32
17,3,0,-6.512,0.000,-258.47
18,3,0,-6.392,0.000,-247.33
19,3,0,-6.527,0.000,-239.31
20,3,0,-6.510,0.000,-207.33
21,3,0,-6.003,0.000,-163.73
22,3,0,-5.507,0.000,-131.22
23,3,0,-5.146,-0.000,-113.12
24,3,0,-4.888,-0.000,-100.99
25,3,0,-4.582,0.000,-82.76
26,3,0,-4.313,0.000,-77.62
27,3,0,-4.032,0.000,-59.65
28,3,0,-3.738,0.000,-55.29
29,3,0,-3.468,0.000,-54.79
30,3,0,-3.187,-0.000,-47.12
31,3,0,-2.909,0.000,-44.75
32,3,0,-2.645,-0.000,-35.88
33,3,0,-2.374,0.000,-29.34
34,3,0,-2.114,0.000,-32.59
35,3,0,-1.852,0.000,-16.83
36,3,0,-1.584,0.000,-11.74
37,3,0,-1.321,-0.000,0.36
38,3,0,-1.069,0.000,7.03
39,3,1,-0.836,1.588,-2.14
40,3,1,-0.586,1.464,5.99
41,3,1,-0.339,1.355,14.15
42,3,1,-0.096,1.250,22.15
43,3,1,0.142,1.154,29.69
44,3,1,0.375,1.059,37.41
45,3,1,0.602,0.991,45.11
46,3,1,0.821,0.977,53.20
47,3,1,1.030,0.971,57.93
48,3,1,1.230,0.984,62.47
49,3,1,1.421,0.971,66.28
50,3,1,1.605,0.962,69.92
51,3,1,1.780,0.955,73.64
52,3,1,1.944,0.929,76.00
53,3,1,2.101,0.908,76.94
54,3,1,2.250,0.869,75.87
55,3,1,2.394,0.868,74.68
56,3,1,2.532,0.875,73.61
57,3,1,2.666,0.883,73.50
58,3,1,2.798,0.867,75.15
59,3,1,2.928,0.811,78.23
60,3,1,3.052,0.777,82.44
61,3,1,3.172,0.743,85.50
62,3,1,3.284,0.722,89.81
63,3,1,3.393,0.690,88.07
64,3,1,3.497,0.668,87.10
65,3,1,3.598,0.635,86.11
66,3,1,3.697,0.595,85.26
67,3,1,3.794,0.572,83.77
68,3,1,3.890,0.589,82.99
69,3,1,3.988,0.607,84.76
70,3,1,4.086,0.596,86.41
71,3,1,4.186,0.598,88.98
72,3,1,4.287,0.627,92.30
73,3,1,4.388,0.677,96.49
74,3,1,4.489,0.699,101.19
75,3,1,4.588,0.678,106.31
76,3,1,4.683,0.676,111.46
77,3,1,4.778,0.667,116.17
78,3,1,4.867,0.682,121.26
79,3,1,4.953,0.680,124.41
80,3,1,5.040,0.679,127.63
81,3,1,5.124,0.665,131.81
82,3,1,5.201,0.629,135.28
83,3,1,5.274,0.589,138.08
84,3,1,5.343,0.576,139.61
85,3,1,5.408,0.578,142.34
86,3,1,5.468,0.556,142.85
87,3,1,5.524,0.522,143.42
88,3,1,5.575,0.497,143.86
89,3,1,5.622,0.491,144.33
90,3,1,5.665,0.476,145.44
91,3,1,5.705,0.461,147.10
92,3,1,5.740,0.473,148.24
93,3,1,5.770,0.495,148.95
94,3,1,5.799,0.507,150.60
95,3,1,5.823,0.518,152.68
96,3,1,5.842,0.533,154.37
97,3,1,5.856,0.566,156.28
98,3,1,5.865,0.569,157.74
99,3,1,5.869,0.551,159.08
100,3,1,5.868,0.526,159.97
101,3,1,5.860,0.522,160.78
102,3,1,5.847,0.553,160.62
103,3,1,5.827,0.605,160.48
104,3,1,5.802,0.633,159.49
105,3,1,5.769,0.678,158.02
106,3,1,5.734,0.643,158.98
107,3,1,5.699,0.616,153.25
108,3,1,5.644,0.568,148.32
109,3,1,5.588,0.555,143.34
110,3,1,5.527,0.545,138.29
111,3,1,5.462,0.486,133.61
112,3,1,5.395,0.444,129.98
113,3,1,5.331,0.391,128.01
114,3,1,5.268,0.380,127.00
115,3,1,5.206,0.366,126.59
116,3,1,5.143,0.378,127.22
117,3,1,5.078,0.374,126.04
118,3,1,5.011,0.356,124.56
119,3,1,4.942,0.342,122.69
120,3,1,4.871,0.336,120.55
121,3,1,4.798,0.352,118.70
122,3,1,4.724,0.371,117.72
123,3,1,4.649,0.399,116.04
124,3,1,4.573,0.398,115.73
125,3,1,4.497,0.392,115.98
126,3,1,4.418,0.378,115.96
127,3,1,4.338,0.394,114.95
128,3,1,4.255,0.406,112.65
129,3,1,4.170,0.438,109.54
130,3,1,4.081,0.461,106.17
131,3,1,3.990,0.469,102.99
132,3,1,3.899,0.484,99.86
133,3,1,3.806,0.524,97.00
134,3,1,3.714,0.589,94.04
135,3,1,3.621,0.571,91.10
136,3,1,3.530,0.519,87.90
137,3,1,3.436,0.443,82.09
138,3,1,3.339,0.428,78.17
139,3,1,3.247,0.416,75.37
140,3,1,3.160,0.515,70.73
141,3,1,3.075,0.578,64.28
142,3,1,2.985,0.652,55.54
143,3,1,2.895,0.661,49.23
144,3,1,2.817,0.723,46.36
145,3,1,2.751,0.742,46.66
146,3,1,2.693,0.720,47.89
147,3,1,2.645,0.663,52.50
148,3,1,2.596,0.618,59.22
149,3,1,2.543,0.607,64.30
150,3,1,2.491,0.614,68.18
151,3,1,2.438,0.669,70.19
152,3,1,2.383,0.716,70.54
153,3,1,2.325,0.770,69.59
154,3,1,2.265,0.803,69.42
155,3,1,2.204,0.811,70.49
156,3,1,2.140,0.812,72.32
157,3,1,2.073,0.824,74.60
158,3,1,2.001,0.837,75.63
159,3,1,1.924,0.833,76.31
160,3,1,1.843,0.819,75.86
161,3,1,1.752,0.815,71.90
162,3,1,1.655,0.821,69.38
163,3,1,1.554,0.828,66.38
164,3,1,1.447,0.802,62.71
165,3,1,1.336,0.774,58.31
166,3,1,1.220,0.744,53.27
167,3,1,1.100,0.751,47.47
168,3,1,0.976,0.740,40.76
169,3,1,0.855,0.764,34.95
170,3,1,0.739,0.764,27.46
171,3,1,0.625,0.770,19.53
172,3,1,0.514,0.762,13.38
173,3,1,0.409,0.761,9.09
174,3,1,0.310,0.765,6.49
175,3,1,0.217,0.744,4.16
176,3,1,0.140,0.743,1.70
177,3,1,0.066,0.768,-1.54
178,3,1,-0.000,0.805,-5.07
179,3,1,-0.064,0.838,-8.40
180,3,1,-0.121,0.843,-11.41
181,3,1,-0.177,0.823,-13.75
182,3,1,-0.232,0.841,-16.34
183,3,1,-0.288,0.821,-20.32
184,3,1,-0.341,0.807,-25.33
185,3,1,-0.393,0.795,-30.20
186,3,1,-0.437,0.799,-34.44
187,3,1,-0.474,0.833,-35.44
188,3,1,-0.502,0.799,-35.33
189,3,1,-0.523,0.798,-33.43
190,3,1,-0.537,0.770,-29.24
191,3,1,-0.543,0.777,-22.78
192,3,1,-0.544,0.769,-16.27
193,3,1,-0.542,0.802,-10.97
194,3,1,-0.541,0.856,-7.72
195,3,1,-0.542,0.935,-6.17
196,3,1,-0.543,0.958,-5.74
197,3,1,-0.545,0.975,-5.60
198,3,1,-0.547,0.997,-4.80
199,3,1,-0.549,1.047,-3.72
200,3,1,-0.551,1.088,-2.42
201,3,1,-0.553,1.108,-1.37
202,3,1,-0.557,1.109,-0.50
203,3,1,-0.570,1.100,-0.03
204,3,1,-0.587,1.091,0.88
205,3,1,-0.608,1.089,3.04
206,3,1,-0.636,1.077,6.08
207,3,1,-0.671,1.044,9.75
208,3,1,-0.716,1.000,12.71
209,3,1,-0.775,0.973,14.79
210,3,1,-0.847,0.951,14.82
211,3,1,-0.936,0.965,12.61
212,3,1,-1.040,0.955,8.19
213,3,1,-1.163,0.965,2.71
214,3,1,-1.304,0.943,-3.89
215,3,1,-1.461,0.926,-11.10
216,3,1,-1.629,0.879,-18.00
217,3,1,-1.810,0.831,-23.59
218,3,1,-2.002,0.744,-28.92
219,3,1,-2.197,0.675,-34.65
220,3,1,-2.377,0.600,-39.22
221,3,1,-2.541,0.575,-44.75
222,3,1,-2.693,0.563,-50.94
223,3,1,-2.838,0.572,-57.92
224,3,1,-2.978,0.577,-65.50
225,3,1,-3.117,0.569,-73.79
226,3,1,-3.251,0.562,-83.27
227,3,1,-3.373,0.510,-91.20
228,3,1,-3.492,0.506,-98.08
229,3,1,-3.598,0.466,-104.12
230,3,1,-3.693,0.460,-108.54
231,3,1,-3.781,0.446,-111.20
232,3,1,-3.859,0.427,-112.17
233,3,1,-3.931,0.457,-111.54
234,3,1,-3.996,0.459,-110.87
235,3,1,-4.055,0.478,-111.06
236,3,1,-4.109,0.416,-113.02
237,3,1,-4.156,0.400,-115.90
238,3,1,-4.197,0.359,-118.96
239,3,1,-4.227,0.361,-121.35
240,3,1,-4.251,0.387,-122.90
241,3,1,-4.267,0.405,-124.18
242,3,1,-4.278,0.437,-125.69
243,3,1,-4.282,0.438,-127.86
244,3,1,-4.277,0.492,-129.58
245,3,1,-4.265,0.552,-130.67
246,3,1,-4.243,0.622,-131.08
247,3,1,-4.215,0.651,-131.27
248,3,1,-4.180,0.654,-132.15
249,3,1,-4.137,0.618,-131.52
250,3,1,-4.085,0.567,-130.21
251,3,1,-4.025,0.532,-128.66
252,3,1,-3.958,0.500,-126.13
253,3,1,-3.882,0.496,-122.59
254,3,1,-3.799,0.488,-118.25
255,3,1,-3.716,0.505,-114.84
256,3,1,-3.639,0.541,-110.43
257,3,1,-3.572,0.546,-106.92
258,3,1,-3.509,0.566,-103.99
259,3,1,-3.445,0.551,-101.35
260,3,1,-3.378,0.540,-98.81
261,3,1,-3.308,0.504,-96.91
262,3,1,-3.238,0.480,-95.23
263,3,1,-3.165,0.492,-93.64
264,3,1,-3.091,0.470,-92.26
265,3,1,-3.014,0.454,-90.33
266,3,1,-2.935,0.445,-87.98
267,3,1,-2.853,0.484,-84.62
268,3,1,-2.770,0.499,-81.07
269,3,1,-2.684,0.479,-76.39
270,3,1,-2.597,0.445,-72.07
271,3,1,-2.511,0.390,-67.68
272,3,1,-2.423,0.361,-62.48
273,3,1,-2.330,0.347,-57.00
274,3,1,-2.233,0.369,-51.43
275,3,1,-2.130,0.430,-46.14
276,3,1,-2.024,0.443,-41.82
277,3,1,-1.921,0.438,-37.86
278,3,1,-1.824,0.364,-34.75
279,3,1,-1.732,0.289,-30.85
280,3,1,-1.649,0.199,-29.23
281,3,1,-1.573,0.170,-27.14
282,3,1,-1.505,0.175,-25.06
283,3,1,-1.443,0.224,-22.62
284,3,1,-1.388,0.217,-19.53
285,3,1,-1.342,0.191,-16.50
286,3,1,-1.304,0.145,-13.87
287,3,1,-1.276,0.106,-11.16
288,3,1,-1.258,0.057,-9.37
289,3,1,-1.250,0.009,-8.35
290,3,1,-1.253,-0.011,-7.48
291,3,1,-1.267,-0.003,-6.84
292,3,1,-1.293,0.030,-5.98
293,3,1,-1.331,0.046,-6.64
294,3,1,-1.380,-0.005,-7.93
295,3,1,-1.443,-0.054,-9.84
296,3,1,-1.516,-0.096,-11.83
297,3,1,-1.601,-0.078,-14.01
298,3,1,-1.697,-0.032,-16.28
299,3,1,-1.804,0.003,-17.47
300,3,1,-1.923,-0.011,-20.96
301,3,1,-2.053,-0.056,-24.67
302,3,1,-2.194,-0.092,-28.39
303,3,1,-2.346,-0.089,-32.15
304,3,1,-2.507,-0.079,-36.25
305,3,1,-2.678,-0.093,-41.15
306,3,1,-2.858,-0.137,-45.38
307,3,1,-3.049,-0.164,-50.80
308,3,1,-3.250,-0.139,-56.92
309,3,1,-3.462,-0.068,-62.47
310,3,1,-3.685,0.019,-68.45
311,3,1,-3.918,0.081,-75.83
312,3,1,-4.155,0.118,-84.99
313,3,1,-4.383,0.126,-95.51
314,3,1,-4.599,0.124,-105.28
315,3,1,-0.511,-0.024,nan
